<?xml version="1.0" encoding="utf-8"?>
<resources>
    <color name="colorPrimary">#01D0B9</color>
    <color name="colorPrimaryPink">#FF00A5</color>
    <color name="colorPrimaryblue">#FF86CDDE</color>
    <color name="colorPrimaryDark">#FF00A5</color>
    <color name="colorAccent">#FF4081</color>
    <color name="white">#FFFFFF</color>
    <color name="black">#000000</color>
    <color name="red">#FF0000</color>
    <color name="layoutbackground">#FFF1EFF0</color>
    <item name="transparent" type="color">#00FFFFFF</item>

    <color name="calendar_active_month_bg">#fff5f7f9</color>
    <color name="calendar_bg">#ffffffff</color>
    <color name="calendar_divider">#ffbababa</color>
    <color name="calendar_inactive_month_bg">#ffd7d9db</color>
    <color name="calendar_selected_day_bg">#ff379bff</color>
    <color name="calendar_highlighted_day_bg">#ccffcc</color>
    <color name="calendar_selected_range_bg">#ff96caff</color>
    <color name="calendar_text_inactive">#40778088</color>
    <color name="calendar_text_active">#ff778088</color>
    <color name="calendar_text_selected">#ffffffff</color>
    <color name="calendar_text_unselectable">#7f778088</color>
    <color name="calendar_text_highlighted">#ff778088</color>

    <color name="pink">#f427ab</color>
    <color name="ashseparator1">#F2EDEDED</color>
    <color name="ashseparator">#D5D3D3</color>
    <color name="habit_separator">#D8D7D7</color>
    <color name="sky">#9CBFF7</color>
    <color name="pinkdiv">#EF36AB</color>


    <color name="foodClubGreen">#f427ab</color>
    <color name="foodClubGreen2">#f427ab</color>
    <color name="foodClubGray">#E1E1E1</color>
    <color name="foodClubDarkGray">#CCCCCC</color>
    <color name="foodClubWhite">#FFFFFF</color>
    <color name="foodClubToolBarBlack">#000000</color>
    <color name="foodClubWarning">#ff9800</color>
    <color name="foodClubError">#f34336</color>
    <color name="foodClubSuccess">#16a085</color>
    <color name="foodClubBlack">#000000</color>
    <color name="foodClubTabColorGray">#ebebeb</color>

    <color name="mcam_color_light">@color/foodClubWhite</color>
    <color name="mcam_color_dark">@color/foodClubWhite</color>

    <color name="light_green">#6fcdcd</color>

    /////////////////////////////////

    <!-- Light Colors -->
    <color name="colorPrimaryLight">#CFD8DC</color>
    <color name="colorAccentLight">#37474F</color>
    <color name="colorPrimaryDarkLight">#90A4AE</color>

    <!-- Dark Colors -->
    <!--<color name="colorPrimaryDark">#3F51B5</color>-->
    <color name="colorAccentDark">#ECEFF1</color>
    <color name="colorPrimaryDarkDark">#1A237E</color>

    ////////////////////////////////

    <color name="colorOne">#333398 </color>
    <color name="colorTwo">#bb1a43 </color>
    <color name="colorThree">#019775</color>
    <color name="colorFour">#d7d7d7</color>
    <color name="colorFive">#c9af63</color>
    <color name="colorSix">#663398 </color>
    <color name="colorSeven">#64aea7</color>
    <color name="colorEight">#ff7300 </color>
    <color name="colorNine">#31a200</color>
    <color name="colorTen">#142954</color>
    <color name="colorEleven">#91e1fc</color>
    <color name="colorTwelve">#ffd402</color>
    <color name="colorThirteen">#e21c45</color>
    <color name="colorFourteen">#ee9cb3</color>
    <color name="colorFifteen">#231f20</color>

    <!--Chat-->
    <color name="me_color">#abcff4</color>
    <color name="reply_color">#d7d4d3</color>
    <color name="chat_bg">#e3e3e3</color>
    <color name="chat_blue">@color/sdkPrimary</color>
    <color name="logout">#ae2020</color>
    <!--Chat-->
    <color name="light_cyan">#92E1DD</color>
    <color name="inactive_triangle">#DEF6F5</color>
    <color name="text_color">#FF7B7A7A</color>
    <color name="light_seperator">#F1F1F1</color>
    <color name="mbhq_base_color">#01D0B9</color>
    <color name="mbhq_background">#F5F5F5</color>
    <color name="base_green">#32cdb8</color>


    <color name="default_accent">#69C5DB</color>
    <color name="body_grey">#989898</color>
    <color name="error_background">#DC6060</color>

    <color name="light_background">#FAFAFA</color>
    <color name="light_product_title">#333333</color>
    <color name="light_dialog_title">#FFFFFF</color>
    <color name="light_low_contrast_grey">#CCCCCC</color>
    <color name="light_low_contrast_background">#69C5DB</color>

    <color name="dark_background">#303030</color>
    <color name="dark_product_title">#FFFFFF</color>
    <color name="dark_dialog_title">#313131</color>
    <color name="dark_low_contrast_grey">#666666</color>
    <color name="dark_low_contrast_background">#69C5DB</color>

    <color name="discount_button">#388E8E</color>
    <color name="shopify_green">#8BBF6F</color>
    <color name="background">#FF00A5</color>

    <color name="rte_separator_color">#BBBBBB</color>
    <color name="rte_spinner_selected_color_light">#ffBDBDBD</color>
    <color name="rte_spinner_selected_color_dark">#ff757575</color>

    <color name="subtle_gray">#F5F5F5</color>

    <color name="live_chat_blue_deep">#36d4c5</color>
    <color name="live_chat_blue_light">#75f6ea</color>
    <color name="live_chat_blue2">#98d6d7</color>



    <color name="chat_sdk_shadow">#CC000000</color>

    <color name="sdkPrimary">@android:color/holo_blue_light</color>
    <color name="sdkOrange">#ea5a21</color>
    <color name="sdkPrimaryDark">@android:color/holo_blue_dark</color>
    <color name="sdkAccent">@android:color/holo_blue_light</color>
    <color name="sdkTextColorPrimary">@android:color/white</color>
    <color name="sdkWindowBackground">@android:color/background_light</color>
    <color name="sdkNavigationBarColor">@android:color/darker_gray</color>


    <color name="background_tab_pressed">#6633B5E5</color>

    <color name="sdkToastColor">@android:color/holo_blue_light</color>
    <color name="sdkToastTextColor">@android:color/white</color>
    <color name="sdkAlertToastColor">@android:color/holo_red_light</color>
    <color name="sdkAlertToastTextColor">@android:color/white</color>
</resources>
