<resources>
    <!-- Default screen margins, per the Android Design guidelines. -->
    <dimen name="nav_header_vertical_spacing">16dp</dimen>
    <dimen name="nav_header_height">160dp</dimen>
    <!-- Default screen margins, per the Android Design guidelines. -->
    <dimen name="activity_horizontal_margin">16dp</dimen>
    <dimen name="activity_vertical_margin">16dp</dimen>
    <dimen name="fab_margin">16dp</dimen>
    <dimen name="divider">0.5dp</dimen>
    <dimen name="leftmargin">0.5dp</dimen>
    <dimen name="rightmargin">0.5dp</dimen>


    <dimen name="calendar_day_headers_paddingbottom">4dp</dimen>
    <dimen name="calendar_month_topmargin">16dp</dimen>
    <dimen name="calendar_month_title_bottommargin">4dp</dimen>
    <dimen name="calendar_text_medium">18sp</dimen>
    <dimen name="calendar_text_small">14sp</dimen>


    ////////////ARI///
    <dimen name="fab_3">1dp</dimen>
    <dimen name="fab_eight">8sp</dimen>
    <dimen name="fab_ten">10sp</dimen>
    <dimen name="fab_twelve">12sp</dimen>
    <dimen name="fab_fourteen">14sp</dimen>
    <dimen name="fab_sixteen">16sp</dimen>
    <dimen name="fab_eighteen">18sp</dimen>
    <dimen name="fab_twenty">20sp</dimen>
    <dimen name="fab_twenty_two">22sp</dimen>
    <dimen name="fab_twenty_four">24sp</dimen>
    <dimen name="fab_twenty_six">26sp</dimen>
    <dimen name="fab_twenty_eight">28sp</dimen>
    <dimen name="fab_thirty">30sp</dimen>
    <dimen name="fab_thirtyTwo">32sp</dimen>
    <dimen name="fab_thirtyFour">34sp</dimen>
    <dimen name="fab_thirtySix">36sp</dimen>
    <dimen name="fab_thirtyEight">38sp</dimen>
    <dimen name="fab_forty">40sp</dimen>
    <dimen name="fab_fortyTwo">42sp</dimen>
    <dimen name="fab_fortyFour">44sp</dimen>
    <dimen name="fab_fortySix">46sp</dimen>
    <dimen name="fab_fortyEight">46sp</dimen>
    <dimen name="fab_sixty">60sp</dimen>
    <dimen name="bodypic_width_height">100dp</dimen>
    <dimen name="circie_image_size">50dp</dimen>
    <dimen name="layout_height_minus">49dp</dimen>
    <dimen name="layout_height">50dp</dimen>
    <dimen name="adapter_height">51dp</dimen>
    <dimen name="customprogram_height">60dp</dimen>
    <dimen name="customprogram_height_trial">100dp</dimen>
    <dimen name="customprogram_height_minus">59dp</dimen>
    ////////////ARI///

    <dimen name="btn_subscription_start_height">45dp</dimen>
    <dimen name="btn_subscription_start_width">250dp</dimen>
    <dimen name="btn_subscription_start">20sp</dimen>
    <dimen name="txt_plan_month_count_size">28sp</dimen>
    <dimen name="txt_month_size">20sp</dimen>
    <dimen name="txt_plan_price_size">18sp</dimen>
    <dimen name="subscription_plan_view_height">150dp</dimen>
    <dimen name="txt_most_popular_size">11sp</dimen>
    <dimen name="subscription_plan_view_most_popular_height">174dp</dimen>
    <dimen name="txt_most_popular_height">24dp</dimen>
    <dimen name="subscription_plan_view_most_popular_margin_top">12dp</dimen>
    <dimen name="btn_continue_payment_width">200dp</dimen>
    <dimen name="btn_continue_payment_txt">35dp</dimen>
    <dimen name="btn_continue_payment_txt_size">16sp</dimen>
    <dimen name="signup_txt_size">17sp</dimen>
    <dimen name="divider_height">30dp</dimen>
    <dimen name="signup_term_txt_size">14sp</dimen>
    <dimen name="txt_locale_size">18sp</dimen>
    <dimen name="btn_save_height">35dp</dimen>
    <dimen name="btn_save_width">150dp</dimen>
    <dimen name="txt_subscribe_intro_size">18sp</dimen>


    <dimen name="mcam_toolbar_elevation">4dp</dimen>
    <dimen name="mcam_content_inset_less">12dp</dimen>
    <dimen name="mcam_content_inset">16dp</dimen>
    <dimen name="mcam_content_inset_double">32dp</dimen>
    <dimen name="mcam_regular_content_fontsize">14sp</dimen>
    <dimen name="mcam_regular_title_fontsize">13sp</dimen>
    <dimen name="mcam_regular_header_fontsize">56sp</dimen>
    <dimen name="mcam_action_icon_size">56dp</dimen>
    <dimen name="mcam_action_icon_size_smaller">48dp</dimen>
    <dimen name="tab_horizontal_margin">30dp</dimen>
    <dimen name="fab_eleven">11sp</dimen>
    <dimen name="spacing_2dp">2dp</dimen>

    <dimen name="calendar_height">30dp</dimen>
    <dimen name="fav_fifty">50sp</dimen>

    <!--chat-->

    <dimen name="appbar_padding_top">8dp</dimen>
    <dimen name="text_margin">16dp</dimen>
    <dimen name="recycler_section_header_height">40dp</dimen>
    <dimen name="dimen_8dp">8dp</dimen>

    <!--chat-->

</resources>
