<!-- Copyright 2012 Square, Inc. -->
<resources xmlns:tools="http://schemas.android.com/tools">
  <style name="CalendarTitle">
    <item name="android:textSize">@dimen/calendar_text_medium</item>
    <item name="android:textStyle">bold</item>
  </style>

  <style name="CalendarCell">
    <item name="android:layout_width">0dp</item>
    <item name="android:layout_weight">1</item>
    <item name="android:gravity">center</item>
    <item name="android:textAlignment" tools:targetApi="jelly_bean_mr1">center</item>
  </style>

  <style name="CalendarCell.DayHeader">
    <item name="android:textSize">@dimen/calendar_text_small</item>
  </style>

  <style name="CalendarCell.CalendarDate">
    <item name="android:textSize">@dimen/calendar_text_medium</item>
    <item name="android:textStyle">bold</item>
  </style>
  <style name="DialogTheme" parent="android:Theme.Dialog">

    <item name="android:layout_width">fill_parent</item>
    <item name="android:layout_height">fill_parent</item>


    <!-- No backgrounds, titles or window float -->
    <item name="android:windowBackground">@color/transparent</item>
    <item name="android:windowNoTitle">true</item>
    <item name="android:windowIsFloating">false</item>
  </style>
</resources>
